{"stat.useItem.143":1,"stat.useItem.85":17,"stat.useItem.323":14,"achievement.openInventory":48,"stat.useItem.89":45,"stat.useItem.145":2,"stat.jump":77,"achievement.exploreAllBiomes":{"value":0,"progress":["Desert"]},"stat.mobKills":15,"stat.useItem.57":19,"stat.damageTaken":7960,"stat.useItem.4":37,"stat.useItem.5":8,"stat.useItem.54":1,"stat.deaths":4,"stat.useItem.72":1,"stat.climbOneCm":3192,"stat.killEntity.Villager":15,"stat.damageDealt":3680,"stat.useItem.70":6,"stat.useItem.33":1,"stat.useItem.95":9,"stat.drop":11,"stat.flyOneCm":190419,"stat.useItem.97":2,"stat.useItem.137":7,"stat.useItem.138":3,"stat.useItem.331":1,"stat.diveOneCm":863,"stat.swimOneCm":766,"stat.walkOneCm":65243,"stat.useItem.276":46,"stat.playOneMinute":62597}