{"stat.fallOneCm":3627,"stat.useItem.323":14,"stat.useItem.87":15,"achievement.openInventory":105,"stat.useItem.89":201,"stat.jump":202,"achievement.exploreAllBiomes":{"value":0,"progress":["Plains","Hell"]},"stat.damageTaken":2224804,"stat.deaths":6,"stat.useItem.77":1,"stat.useItem.123":460,"stat.useItem.102":2,"stat.useItem.259":2,"stat.useItem.96":7,"stat.drop":36,"stat.useItem.152":11,"stat.flyOneCm":199338,"stat.useItem.137":5,"stat.useItem.29":5,"stat.leaveGame":2,"stat.useItem.356":4,"stat.useItem.331":6,"stat.useItem.69":7,"stat.useItem.49":6,"stat.walkOneCm":174480,"stat.useItem.41":476,"stat.useItem.114":147,"stat.useItem.112":399,"stat.playOneMinute":177691,"stat.useItem.23":10}