{"stat.drop":9,"stat.useItem.323":6,"stat.useItem.87":125,"stat.flyOneCm":56425,"stat.leaveGame":1,"stat.useItem.155":141,"achievement.openInventory":6,"stat.jump":231,"achievement.exploreAllBiomes":{"value":0,"progress":["Plains","Hell"]},"stat.damageTaken":2740,"stat.useItem.80":2,"stat.useItem.46":17,"stat.walkOneCm":85588,"stat.deaths":1,"stat.climbOneCm":1016,"stat.useItem.76":1,"stat.useItem.78":8,"stat.useItem.65":6,"stat.useItem.112":14,"stat.damageDealt":20,"stat.playOneMinute":22575,"stat.useItem.102":11}