{"stat.drop":18,"stat.fallOneCm":4497,"stat.mineBlock.87":3,"stat.flyOneCm":286994,"stat.useItem.152":379,"stat.useItem.155":188,"achievement.openInventory":33,"stat.useItem.89":25,"stat.mineBlock.153":7,"stat.useItem.278":10,"stat.jump":723,"achievement.exploreAllBiomes":{"value":0,"progress":["Plains","Hell"]},"stat.useItem.1":1,"stat.useItem.49":2,"stat.damageTaken":-2147469111,"stat.walkOneCm":336299,"stat.deaths":6,"stat.climbOneCm":6660,"stat.useItem.41":132,"stat.useItem.77":2,"stat.useItem.123":2,"stat.playOneMinute":100872,"stat.useItem.102":62}