{"stat.useItem.6":2,"stat.useItem.35":5,"stat.fallOneCm":8046,"stat.useItem.85":1,"stat.useItem.323":33,"stat.useItem.87":696,"stat.useItem.88":27,"achievement.openInventory":211,"stat.useItem.89":1103,"stat.jump":3624,"achievement.exploreAllBiomes":{"value":0,"progress":["Plains","Hell"]},"stat.damageTaken":5076,"stat.deaths":6,"stat.useItem.54":3,"stat.climbOneCm":20481,"stat.useItem.50":24,"stat.useItem.76":21,"stat.useItem.77":6,"stat.useItem.123":42,"stat.useItem.102":57,"stat.useItem.95":4,"stat.useItem.259":56,"stat.drop":32,"stat.useItem.156":13,"stat.useItem.153":28,"stat.useItem.152":86,"stat.flyOneCm":1960159,"stat.useItem.29":15,"stat.useItem.155":1342,"stat.useItem.137":5,"stat.useItem.331":7,"stat.useItem.69":2,"stat.useItem.49":244,"stat.swimOneCm":41,"stat.walkOneCm":1669263,"stat.useItem.351":40,"stat.useItem.44":22,"stat.useItem.41":166,"stat.useItem.116":4,"stat.useItem.65":67,"stat.useItem.160":6,"stat.useItem.112":2031,"stat.playOneMinute":610048,"stat.useItem.113":432,"stat.useItem.20":38}