{"stat.useItem.82":136,"stat.useItem.35":4,"stat.useItem.143":2,"stat.useItem.323":4,"stat.fallOneCm":13743,"stat.playerKills":5,"achievement.openInventory":92,"stat.useItem.163":3,"stat.jump":1785,"achievement.exploreAllBiomes":{"value":0,"progress":["Plains"]},"stat.damageTaken":6270,"stat.useItem.3":184,"stat.useItem.5":226,"stat.useItem.54":4,"stat.deaths":2,"stat.climbOneCm":8913,"stat.useItem.77":1,"stat.useItem.126":17,"stat.damageDealt":1970,"stat.useItem.95":94,"stat.useItem.156":13,"stat.drop":28,"stat.useItem.159":86,"stat.flyOneCm":949599,"stat.leaveGame":6,"stat.useItem.155":44,"stat.useItem.137":4,"stat.useItem.98":76,"stat.useItem.174":24,"stat.useItem.139":110,"stat.useItem.49":33,"stat.useItem.276":15,"stat.walkOneCm":544536,"stat.swimOneCm":1639,"stat.diveOneCm":947,"stat.useItem.44":227,"stat.useItem.42":81,"stat.useItem.401":98,"stat.useItem.65":3,"stat.useItem.397":55,"stat.useItem.161":185,"stat.useItem.113":125,"stat.playOneMinute":170478,"stat.useItem.162":15}