{"stat.useItem.17":2,"stat.fallOneCm":3285,"stat.useItem.323":2,"achievement.openInventory":17,"stat.jump":476,"achievement.exploreAllBiomes":{"value":0,"progress":["Plains"]},"stat.useItem.1":146,"stat.useItem.287":104,"stat.damageTaken":3458,"stat.useItem.4":9,"stat.useItem.54":3,"stat.deaths":4,"stat.useItem.106":1,"stat.useItem.56":1,"stat.climbOneCm":3402,"stat.useItem.126":12,"stat.useItem.95":4,"stat.drop":9,"stat.flyOneCm":329549,"stat.leaveGame":2,"stat.useItem.139":1,"stat.walkOneCm":121290,"stat.swimOneCm":604,"stat.useItem.44":55,"stat.playOneMinute":48344}