{"stat.useItem.18":268,"stat.useItem.17":196,"stat.fallOneCm":18497,"stat.useItem.14":120,"stat.playerKills":1,"achievement.openInventory":156,"stat.useItem.16":138,"stat.useItem.15":7,"stat.jump":2011,"achievement.exploreAllBiomes":{"value":0,"progress":["Plains"]},"stat.useItem.1":66,"stat.useItem.342":3,"stat.useItem.58":110,"stat.damageTaken":332775,"stat.useItem.3":25,"stat.useItem.4":324,"stat.useItem.5":133,"stat.useItem.54":7,"stat.useItem.106":115,"stat.useItem.53":43,"stat.useItem.56":103,"stat.climbOneCm":15523,"stat.useItem.50":34,"stat.damageDealt":1880,"stat.useItem.101":26,"stat.drop":2,"stat.useItem.134":6,"stat.useItem.137":6,"stat.leaveGame":3,"stat.useItem.174":115,"stat.useItem.139":289,"stat.useItem.48":228,"stat.useItem.46":100,"stat.useItem.276":16,"stat.walkOneCm":600826,"stat.swimOneCm":7166,"stat.diveOneCm":5116,"stat.useItem.44":366,"stat.useItem.41":4,"stat.useItem.82":17,"stat.useItem.35":6,"stat.useItem.323":6,"stat.useItem.85":103,"stat.deaths":5,"stat.useItem.77":1,"stat.useItem.123":13,"stat.useItem.173":24,"stat.useItem.126":398,"stat.useItem.30":12,"stat.useItem.95":7,"stat.useItem.156":132,"stat.useItem.159":3,"stat.flyOneCm":1643095,"stat.useItem.152":70,"stat.useItem.155":228,"stat.useItem.98":96,"stat.useItem.351":94,"stat.useItem.67":94,"stat.useItem.66":4,"stat.useItem.65":34,"stat.mineBlock.161":1,"stat.useItem.161":1598,"stat.useItem.113":3,"stat.useItem.162":43,"stat.playOneMinute":285498}